{
  "summary": {
    "direct": {
      "count": 25,
      "mean": 0.015273136296500109,
      "std": 0.010408504964642122,
      "min": 0.008747272012141111,
      "max": 0.044332562438916784,
      "median": 0.011949851577279225
    },
    "related": {
      "count": 9,
      "mean": 0.02264480354378449,
      "std": 0.008684758154672326,
      "min": 0.009897439813884568,
      "max": 0.03660933814287829,
      "median": 0.018667667480787863
    },
    "distant": {
      "count": 6,
      "mean": 0.02535050368330881,
      "std": 0.0058354053760377176,
      "min": 0.0161695350187148,
      "max": 0.035525076958309726,
      "median": 0.024929015842561672
    }
  },
  "hypothesis_confirmed": true,
  "all_results": {
    "direct": [
      0.008747272012141111,
      0.01118880489817493,
      0.011597632512735798,
      0.01029490358640233,
      0.011882520763391803,
      0.012612790074983754,
      0.01274108316932405,
      0.044332562438916784,
      0.009701546999034834,
      0.011114621670336165,
      0.01146391071657304,
      0.01312019739278971,
      0.04281400791081068,
      0.009682587187351797,
      0.009799957432996451,
      0.013174360633923568,
      0.011949851577279225,
      0.042634666368096256,
      0.009923605289773183,
      0.010451033675416128,
      0.013035133081208594,
      0.012452650442851829,
      0.01223726338728199,
      0.01249049551400816,
      0.012384948676700551
    ],
    "related": [
      0.01658410103888521,
      0.016765862178876823,
      0.030622757328403936,
      0.01734404131649676,
      0.034580324214723485,
      0.02273170037912348,
      0.018667667480787863,
      0.009897439813884568,
      0.03660933814287829
    ],
    "distant": [
      0.023074207722960854,
      0.02672405356362726,
      0.035525076958309726,
      0.023133978121496087,
      0.0161695350187148,
      0.02747617071474411
    ]
  },
  "metadata": {
    "total_pairs": 40,
    "domains_tested": 5,
    "label_distribution": {
      "direct": 25,
      "related": 9,
      "distant": 6
    }
  }
}